word,true_stem,stem
ꯄꯟꯂꯣꯟ,ꯄꯟ
ꯇꯉꯥꯢꯐꯗ꯭ꯔ,ꯇ
ꯂꯨꯁꯤꯡ,ꯂꯨ
ꯊꯧꯁꯤꯡꯒꯤ,ꯊꯧ
ꯅꯤꯡꯁꯤꯡꯂꯛꯄꯥ,ꯅꯤꯡ
ꯏꯀꯥꯏ,ꯀꯥꯏ
ꯈꯨꯝꯅꯕꯥ,ꯈꯨꯝ
ꯎꯠꯄꯥ,ꯎꯠ
ꯄꯨꯝꯅꯃꯛꯅꯤ,ꯄꯨꯝ
ꯇꯧꯒꯗꯕꯅꯤ,ꯇꯧ
ꯃꯁꯤꯒꯥ,ꯃ
ꯂꯣꯏꯅꯥ,ꯂꯣꯏ
ꯍꯥꯏꯕꯁꯤꯗꯥ,ꯍꯥꯏ
ꯃꯒꯨꯟ,ꯒꯨꯟ
ꯂꯩꯔꯕ,ꯂꯩf
ꯃꯤꯑꯣꯢꯕꯗꯥ,ꯃꯤ
ꯈꯪꯅꯒꯅꯤ,ꯈꯪ
ꯃꯊꯛ,ꯊꯛ
ꯂꯩꯔꯤꯕ,ꯂꯩ
ꯑꯃꯈꯛ,ꯃ
ꯄꯥꯎꯈꯨꯝ,ꯄꯥꯎ
ꯂꯩꯕ,ꯂꯩ
ꯇꯉꯥꯢꯐꯗ꯭ꯔꯕꯥ,ꯇ
ꯐꯗꯕꯥ,ꯐ
ꯃꯈꯜ,ꯃ
ꯃꯈꯜꯒꯤ,ꯃ
ꯀꯨꯞꯅꯥ,ꯀꯨꯞ
ꯎꯅꯕꯥ,ꯅ
ꯃꯔꯝꯗꯤ,ꯔꯝ
ꯏꯕꯦꯝꯃ,ꯕꯦꯝ
ꯑꯃꯕꯨ,ꯃ
ꯌꯥꯏ,ꯌꯥꯏ
ꯂꯩꯃ,ꯂꯩ
ꯂꯩꯕꯥꯛꯁꯤꯗꯥ,ꯂꯩ
ꯄꯣꯛꯈꯤꯕꯅꯤ,ꯄꯣꯛ
ꯃꯍꯥꯛ,ꯍꯥꯛ
ꯂꯥꯏꯐꯝꯒꯤ,ꯂꯥꯏ
ꯑꯍꯥꯟꯕꯥ,ꯍꯥꯟ
ꯃꯃꯥ,ꯃꯥ
ꯃꯄꯥꯅꯥ,ꯄꯥ
ꯅꯤꯡꯁꯤꯡꯒꯗꯕꯥ,ꯅꯤꯡ
ꯊꯧꯗꯥꯡ,ꯊꯧ
ꯂꯧꯔꯝꯈꯤ,ꯂꯧ
ꯄꯨꯝꯅꯃꯛꯁꯨ,ꯄꯨꯝ
ꯃꯍꯩ,ꯍꯩ
ꯃꯁꯤꯡ,ꯁꯤꯡ
ꯈꯪꯂꯛꯄꯥ,ꯈꯪ
ꯂꯩꯔꯝꯂꯕꯥ,ꯂꯩ
ꯃꯍꯥꯛꯀꯤ,ꯍꯥꯛ
ꯃꯊꯧꯗꯒꯤ,ꯊꯧ
ꯑꯃꯨꯛꯇꯥ,ꯃꯨꯛ
ꯂꯩꯔꯤꯕꯅꯤ,ꯂꯩ
ꯑꯣꯖꯥꯁꯤꯡ,ꯑꯣ
ꯂꯝꯗꯝꯁꯤꯒꯤ,ꯂꯝ
ꯃꯌꯥꯝ,ꯌꯥꯝ
ꯑꯃ,ꯃ
ꯂꯩꯈꯤꯕꯅꯤ,ꯂꯩ
ꯃꯍꯩꯒꯤ,ꯍꯩ
ꯑꯣꯏꯕꯒꯨꯝꯅꯥ,ꯑꯣꯏ
ꯈꯨꯗꯝ,ꯈꯨ
ꯃꯤꯊꯧ,ꯃꯤ
ꯊꯕꯛꯁꯤꯡ,ꯊ
ꯂꯩꯕꯒꯨꯝꯅꯥ,ꯂꯩ
ꯃꯍꯥꯛꯄꯨ,ꯍꯥꯛ
ꯎꯠꯆꯔꯤ,ꯎꯠ
ꯂꯥꯏꯔꯤꯛꯀꯤ,ꯂꯥꯏ
ꯏꯕꯥ,ꯕꯥ
ꯀꯔꯤꯒꯨꯝꯕꯥ,ꯀ
ꯊꯧꯅꯥ,ꯊꯧ
ꯐꯅꯥ,ꯐ
ꯊꯥꯖꯕ,ꯊꯥ
ꯑꯣꯏꯒꯗꯕꯅꯤ,ꯑꯣꯏ
ꯁꯤꯡ,ꯁꯤꯡ
ꯊꯧꯒꯜꯗꯥ,ꯊꯧ
ꯆꯪꯊꯣꯛꯇꯨꯅꯥ,ꯆꯪ
ꯁꯦꯕꯥ,ꯁꯦ
ꯅꯨꯃꯤꯠ,ꯅꯨ
ꯉꯝꯂꯣꯏ,ꯉꯝ
ꯊꯕꯛꯅꯥ,ꯊ
ꯇꯝꯕꯥ,ꯇꯝ
ꯌꯥꯕꯥ,ꯌꯥ
ꯂꯣꯏꯁꯤꯟꯕꯥ,ꯂꯣꯏ
ꯈꯜꯂꯤ,ꯈꯜ
ꯈꯨꯗꯝꯗꯥ,ꯈꯨ
ꯊꯕꯛ,ꯊ
ꯋꯥꯈꯜꯅꯥ,ꯋꯥ
ꯆꯠꯃꯤꯟꯅꯒꯅꯤ,ꯆꯠ
ꯇꯥꯔꯕꯗꯤ,ꯇꯥ
ꯂꯥꯏ,ꯂꯥꯏ
ꯊꯤꯕꯗꯥ,ꯊꯤ
ꯀꯠꯊꯣꯛꯀꯅꯤ,ꯀꯠ
ꯄꯨꯝꯅꯃꯛꯀꯤ,ꯄꯨꯝ
ꯀꯥꯟꯅꯕꯥ,ꯀꯥꯟ
ꯎꯕꯥ,ꯎ
ꯐꯪꯂꯕꯗꯤ,ꯐꯪ
ꯂꯝꯕꯤ,ꯂꯝ
ꯑꯉꯥꯡꯁꯤꯡꯒꯤ,ꯉꯥꯡ
ꯄꯥꯡꯕꯗꯥ,ꯄꯥꯡ
ꯈꯨꯅꯥꯢ,ꯈꯨꯟ
ꯑꯆꯧꯕꯥ,ꯆꯧ
ꯂꯧꯒꯅꯤ,ꯂꯧ
ꯈꯨꯗꯣꯡꯆꯥꯕꯥ,ꯈꯨ
ꯊꯤꯕꯥ,ꯊꯤ
ꯇꯧꯕꯗꯥ,ꯇꯧ
ꯊꯕꯛꯁꯤꯡꯗꯥ,ꯊ
ꯑꯣꯏꯔꯛꯈꯤ,ꯑꯣꯏ
ꯂꯩꯉꯥꯛꯀꯤ,ꯂꯩ
ꯊꯕꯛꯇꯥ,ꯊ
ꯄꯨꯟꯁꯤꯕꯨ,ꯄꯨꯟ
ꯄꯥꯡꯂꯛꯈꯤ,ꯄꯥꯡ
ꯈꯪꯅꯔꯛꯈꯤ,ꯈꯪ
ꯂꯧꯈꯤ,ꯂꯧ
ꯊꯋꯥꯢ,ꯊ
ꯌꯥꯎꯅꯥ,ꯌꯥꯎ
ꯆꯪꯁꯤꯜꯂꯛꯈꯤ,ꯆꯪ
ꯀꯌꯥꯗꯥ,ꯌꯥ
ꯁꯔꯨꯛ,ꯁ
ꯌꯥꯗꯨꯅꯥ,ꯌꯥ
ꯃꯃꯤꯡ,ꯃꯤꯡ
ꯆꯠꯂꯛꯈꯤ,ꯆꯠ
ꯂꯨꯄꯥ,ꯂꯨ
ꯂꯧꯗꯨꯅꯥ,ꯂꯧ
ꯀꯌꯥ,ꯌꯥ
ꯆꯤꯡ,ꯌꯥ
ꯇꯝ,ꯌꯥ
ꯇꯧꯈꯤ,ꯇꯧ
ꯃꯍꯥꯛ,ꯍꯥꯛ
ꯔꯤꯁꯤ,ꯔꯤ
ꯇꯔꯥꯅꯤꯊꯣꯢꯗꯥ,ꯇ
ꯌꯨꯝꯗꯥ,ꯌꯨꯝ
ꯄꯣꯛꯈꯤ,ꯄꯣꯛ
ꯃꯃꯥꯒꯤ,ꯃꯥ
ꯁꯥꯔꯗꯥ,ꯁꯥꯔ
ꯃꯄꯥꯒꯤ,ꯄꯥ
ꯃꯄꯥ,ꯄꯥ
ꯑꯣꯏꯕꯗꯥ,ꯑꯣꯏ
ꯅꯠꯇꯅꯥ,ꯅꯠ
ꯑꯣꯏꯕꯒꯨꯝ,ꯑꯣꯏ
ꯁꯦꯜꯊꯨꯝ,ꯁꯦꯜ
ꯋꯥꯔꯦꯞꯄꯨ,ꯋꯥ
ꯇꯥꯎꯍꯜꯂꯤ,ꯇꯥꯎ
ꯃꯁꯨꯝꯅꯥ,ꯁꯨꯝ
ꯄꯨꯝꯅꯥ,ꯄꯨꯝ
ꯇꯣꯏꯅꯥ,ꯇꯣꯏ
ꯃꯁꯦꯜꯅꯥ,ꯁꯦꯜ
ꯃꯆꯥꯁꯥ,ꯆꯥ
ꯃꯥꯔꯥꯏ,ꯃꯥ
ꯇꯧꯔꯕ,ꯇꯧ
ꯃꯣꯏꯒꯤ,ꯃꯣꯏ
ꯄꯥꯡꯗꯦ,ꯄꯥꯡ
ꯁꯦꯜꯊꯨꯝꯒꯤ,ꯁꯦꯜ
ꯇꯦꯜꯂꯛꯄꯥ,ꯇꯦꯜ
ꯁꯥꯒꯠꯄꯥ,ꯁꯥ
ꯁꯪꯂꯝꯕ,ꯁꯪ
ꯇꯣꯉꯥꯟꯕꯥ,ꯇꯣ
ꯃꯆꯥꯎ,ꯆꯥꯎ
ꯆꯥꯎꯅꯥ,ꯆꯥꯎ
ꯄꯣꯛꯂꯝꯃꯤ,ꯄꯣꯛ
ꯁꯥꯟꯕ,ꯁꯥꯟ
ꯂꯥꯏꯔꯤꯛꯁꯤꯡꯒꯤ,ꯂꯥꯏ
ꯃꯆꯥ,ꯆꯥ
ꯃꯆꯥꯒꯤ,ꯆꯥ
ꯂꯤꯔꯕ,ꯂꯤ
ꯃꯆꯥꯊꯣꯢꯒꯤ,ꯆꯥ
ꯂꯧꯃꯤ,ꯂꯧ
ꯁꯣꯏꯅꯥ,ꯁꯣꯏ
ꯀꯣꯏꯔꯝꯃꯤ,ꯀꯣꯏ
ꯂꯨꯠ,ꯂꯨꯠ
ꯃꯨꯔꯥꯒ,ꯃꯨ
ꯃꯥꯔꯒ,ꯃꯥꯔ
ꯇꯦꯜꯂꯛꯄꯒꯤ,ꯇꯦꯜ
ꯇꯦꯛꯂꯛꯄꯒꯤ,ꯇꯦꯛ
ꯂꯥꯝꯁꯥꯒꯤ,ꯂꯥꯝ
ꯄꯥꯗꯕ,ꯄꯥ
ꯃꯔꯨꯝꯗꯥ,ꯔꯨꯝ
ꯀꯪꯂꯕ,ꯀꯪ
ꯃꯆꯟ,ꯆꯟ
ꯄꯥꯛꯄꯥ,ꯄꯥꯛ
ꯃꯦꯔꯥꯒꯤ,ꯃꯦ
ꯃꯒꯤ,ꯃ
ꯋꯥꯟꯗꯕ,ꯋꯥꯟ
ꯃꯥꯁꯤ,ꯃꯥ
ꯃꯥꯇꯩꯃꯒꯤ,ꯃꯥ
ꯂꯥꯝꯕ,ꯂꯥꯝ
ꯂꯦꯇ꯭ꯔ,ꯂꯦ
ꯃꯁꯤꯔꯥ,ꯁꯤ
ꯄꯣꯛꯄꯤ,ꯄꯣꯛ
ꯅꯞ,ꯅꯞ
ꯃꯥꯔꯤꯗꯥ,ꯃꯥ
ꯇꯧꯏ,ꯇꯧ
ꯂꯤꯠꯄ,ꯂꯤꯠ
ꯃꯁꯨꯝ,ꯁꯨꯝ
ꯇꯦꯜꯂꯣ,ꯇꯦꯜ
ꯃꯆꯩ,ꯆꯩ
ꯃꯟꯕꯥ,ꯃꯟ
ꯁꯨꯝꯅꯥ,ꯁꯨꯝ
ꯃꯂꯥꯒꯤ,ꯂꯥ
ꯄꯥꯠ,ꯄꯥꯠ
ꯃꯆꯒꯤ,ꯆ
ꯃꯁꯥꯅ,ꯁꯥ
ꯃꯩꯔꯥ,ꯃꯩ
ꯏꯆꯦ,ꯆꯦ
ꯃꯥꯂꯦꯝꯒꯤ,ꯃꯥ
ꯃꯤꯔꯦꯝ,ꯃꯤ
ꯂꯩꯕꯥꯛꯇꯥ,ꯂꯩ
ꯀꯌꯥꯒꯤ,ꯀ
ꯃꯆꯤꯟ,ꯆꯤꯟ
ꯃꯅꯥꯎ,ꯅꯥꯎ
ꯑꯌꯥꯝꯕꯥ,ꯌꯥꯝ
ꯅꯨꯄꯥꯒꯤ,ꯅꯨ
ꯃꯔꯝꯗꯥ,ꯔꯝ
ꯊꯣꯏꯗꯣꯛꯄꯥ,ꯊꯣꯏ
ꯄꯥꯡꯈꯤꯕꯥ,ꯄꯥꯡ
ꯂꯩꯈꯤ,ꯂꯩ
ꯃꯔꯥꯡ,ꯔꯥꯡ
ꯏꯆꯜꯁꯤꯡꯁꯨ,ꯆꯜ
ꯃꯈꯣꯏꯅꯥ,ꯈꯣꯏ
ꯈꯨꯅꯥꯢꯒꯤ,ꯈꯨ
ꯄꯥꯡꯕꯥ,ꯄꯥꯡ
ꯂꯩꯔꯛꯏ,ꯂꯩ
ꯑꯗꯨꯅꯥ,ꯗꯨ
ꯃꯩꯔꯥꯒꯤ,ꯃꯩ
ꯆꯥꯎꯕꯒꯦ,ꯆꯥꯎ
ꯍꯥꯢꯕꯗꯨ,ꯍꯥꯢ
ꯍꯣꯠꯅꯕꯥ,ꯍꯣꯠ
ꯃꯔꯨ,ꯔꯨ
ꯑꯣꯏ,ꯑꯣꯏ
ꯄꯜꯂꯕꯗꯥ,ꯄꯜ
ꯀꯥꯅꯕꯗꯥ,ꯀꯥ
ꯄꯥꯝꯕꯤꯁꯤꯡꯅꯥ,ꯄꯥꯝ
ꯉꯥꯏ,ꯉꯥꯏ
ꯀꯥꯟꯅꯕ,ꯀꯥꯟ
ꯂꯣꯏ,ꯂꯣꯏ
ꯂꯧꯀꯣꯜ,ꯂꯧ
ꯂꯧꯊꯣꯛꯄꯥ,ꯂꯧ
ꯏꯊꯣꯛꯄꯥ,ꯊꯣꯛ
ꯅꯨꯡ,ꯅꯨꯡ
ꯂꯣꯟ,ꯂꯣꯟ
ꯀꯆꯤꯟ,ꯀ
ꯌꯥꯝꯂꯕ,ꯌꯥꯝ
ꯀꯥꯟꯊꯣꯛꯇꯅ,ꯀꯥꯟ
ꯇꯧꯔꯤꯕꯥ,ꯇꯧ
ꯑꯩꯒꯤ,ꯑꯩ
ꯇꯣꯉꯥꯟꯕꯅꯤ,ꯇꯣ
ꯑꯩꯅꯥ,ꯑꯩ
ꯊꯦꯡꯅꯔꯛꯄꯗ,ꯊꯦꯡ
ꯂꯧꯁꯤꯡꯅꯕ,ꯂꯧ
ꯀꯩꯗꯧꯉꯩꯗꯁꯨ,ꯀꯩ
ꯑꯋꯥꯕ,ꯋꯥ
ꯑꯃꯥꯅꯤ,ꯃꯥ
ꯈꯟꯗꯦ,ꯈꯟ
ꯇꯦꯡꯕꯥ,ꯇꯦꯡ
ꯏꯔꯣꯠ,ꯔꯣꯠ
ꯂꯧꯄꯨꯝ,ꯂꯧ
ꯇꯧꯔꯛꯄꯗꯥ,ꯇꯧ
ꯀꯥꯟꯊꯣꯛꯇꯕ,ꯀꯥꯟ
ꯌꯥꯝꯅꯕ,ꯌꯥꯝ
ꯅꯦꯝꯕꯅꯥ,ꯅꯦꯝ
ꯈꯣꯡꯅꯦ,ꯈꯣꯡ
ꯌꯦꯡꯕ,ꯌꯦꯡ
ꯌꯥꯝ,ꯌꯥꯝ
ꯈꯪꯕ,ꯈꯪ
ꯌꯦꯟꯕꯁꯤꯡ,ꯌꯦꯟ
ꯂꯧꯕ,ꯂꯧ
ꯉꯝꯗꯦ,ꯉꯝ
ꯄꯨꯝꯅꯃꯛꯁꯤꯡꯁꯨ,ꯄꯨꯝ
ꯂꯧꯊꯣꯛ,ꯂꯧ
ꯂꯨꯝꯅꯕ,ꯂꯨꯝ
ꯁꯦꯡꯂꯕ,ꯁꯦꯡ
ꯊꯧꯅꯥꯁꯤꯡꯗ,ꯊꯧ
ꯑꯃꯥꯗꯒꯤ,ꯃꯥ
ꯂꯧꯁꯤꯡꯗꯤ,ꯂꯧ
ꯂꯧꯅꯤꯡꯕ,ꯂꯧ
ꯇꯧꯕꯁꯤꯡꯒꯤ,ꯇꯧ
ꯅꯥꯠꯇꯅꯤ,ꯅꯥꯠ
ꯀꯔꯤ,ꯀ
ꯉꯥꯏꯕ,ꯉꯥꯏ
ꯂꯧꯅꯤꯡꯕꯥ,ꯂꯧ
ꯀꯥꯡꯖꯩ,ꯀꯥꯡ
ꯀꯥꯡꯖꯩꯒꯤ,ꯀꯥꯡ
ꯑꯗꯨꯒꯨꯝꯕ,ꯗꯨ
ꯂꯧꯕꯧꯒꯤ,ꯂꯧ
ꯂꯩꯔꯛꯄꯥ,ꯂꯩ
ꯂꯧꯊꯣꯛꯄꯥ,ꯂꯧ
ꯂꯧꯄꯨꯝꯅ,ꯂꯧ
ꯑꯄꯥꯝꯕꯥ,ꯄꯥꯝ
ꯄꯨꯝꯅꯃꯛꯇꯥ,ꯄꯨꯝ
ꯀꯥꯎꯊꯣꯛꯂꯣꯏꯗꯕꯥ,ꯀꯥꯎ
ꯃꯤꯇꯩꯒꯤ,ꯃꯤ
ꯄꯨꯋꯥꯔꯤꯗꯥ,ꯄꯨ
ꯇꯦꯡꯕꯥꯡꯅꯕꯥ,ꯇꯦꯡ
ꯑꯃꯒꯤ,ꯃ
ꯃꯁꯥꯕꯨ,ꯁꯥ
ꯀꯠꯊꯣꯛꯂꯤ,ꯀꯠ
ꯃꯁꯤꯗꯒꯤ,ꯁꯤ
ꯍꯧꯔꯒꯥ,ꯍꯧ
ꯋꯥꯔꯤꯗꯥ,ꯋꯥ
ꯊꯦꯡꯅꯕꯥ,ꯊꯦꯡ
ꯑꯁꯤ,ꯑ
ꯑꯔꯣꯏꯕꯥ,ꯔꯣꯏ
ꯇꯥꯡꯀꯛ,ꯇꯥꯡ
ꯂꯥꯛꯀꯅꯤ,ꯂꯥꯛ
ꯋꯥꯐꯝ,ꯋꯥ
ꯈ꯭ꯏꯗꯒꯤ,ꯈ꯭ꯏ
ꯄꯣꯠꯂꯝ,ꯄꯣꯠ
ꯈꯣꯡ,ꯈꯣꯡ
ꯀꯔꯝꯅꯥ,ꯀ
ꯅꯤꯡꯊꯤꯕꯥ,ꯅꯤꯡ
ꯃꯋꯣꯡꯗꯥ,ꯋꯣꯡ
ꯁꯦꯝꯕꯥ,ꯁꯦꯝ
ꯄꯨꯡꯒꯤ,ꯄꯨꯡ
ꯋꯥꯔꯤꯄꯨꯡꯒꯤ,ꯋꯥ
ꯃꯔꯨꯑꯣꯢꯕꯥ,ꯔꯨ
ꯁꯦꯝꯒꯠ,ꯁꯦꯝ
ꯁꯥꯒꯠꯄꯥ,ꯁꯥ
ꯃꯋꯣꯡ,ꯋꯣꯡ
ꯀꯥꯡꯂꯨꯞꯀꯤ,ꯀꯥꯡ
ꯑꯁꯦꯡꯕꯥ,ꯁꯦꯡ
ꯃꯄꯣꯛ,ꯄꯣꯛ
ꯈꯣꯡꯊꯥꯡ,ꯈꯣꯡ
ꯁꯔꯨꯛꯁꯤꯡꯗꯤ,ꯁ
ꯃꯀꯣꯛ,ꯀꯣꯛ
ꯃꯌꯥꯏ,ꯌꯥꯏ
ꯃꯄꯥꯟꯊꯣꯡ,ꯄꯥꯟ
ꯄꯨꯡ,ꯄꯨꯡ
ꯁꯦꯝꯒꯠꯄꯥ,ꯁꯦꯝ
ꯁꯤꯖꯤꯟꯅꯕꯥ,ꯁꯤ
ꯂꯩꯇꯅꯥ,ꯂꯩ,
ꯆꯠꯅꯕꯤꯗꯥ,ꯆꯠ
ꯆꯠꯅꯕꯤ,ꯆꯠ
ꯍꯔꯥꯎ,ꯍ
ꯀꯨꯝꯍꯩ,ꯀꯨꯝ
ꯊꯧꯔꯝꯁꯤꯡꯗꯥ,ꯊꯧ
ꯆꯠꯂꯤ,ꯆꯠ
ꯁꯥꯒꯤ,ꯁꯥ
ꯑꯄꯨꯟꯕꯥ,ꯄꯨꯟ
ꯐꯥꯍꯜꯂꯤ,ꯐꯥ,
ꯂꯧꯔꯤ,ꯂꯧ
ꯄꯥꯎꯇꯥꯛ,ꯄꯥꯎ
ꯁꯛꯊꯤꯕꯥꯒꯤ,ꯁꯛ
ꯁꯥꯟꯅꯕꯥ,ꯁꯥꯟ
ꯃꯅꯥ,ꯅꯥ
ꯁꯦꯝꯒꯠꯂꯕ,ꯁꯦꯝ
ꯄꯣꯠꯂꯝꯁꯤꯡꯁꯤ,ꯄꯣꯠ
ꯃꯌꯥꯝꯅꯥ,ꯌꯥꯝ
ꯄꯥꯝꯅꯩ,ꯄꯥꯝ
ꯑꯩꯈꯣꯢꯕꯨ,ꯑꯩ
ꯄꯤꯒꯅꯤ,ꯄꯤ
ꯃꯑꯣꯡ,ꯑꯣꯡ
ꯃꯇꯧꯗꯥ,ꯇꯧ
ꯁꯛꯊꯤꯕꯥ,ꯁꯛ
ꯃꯁꯥꯅꯤ,ꯁꯥ
ꯍꯥꯎꯔꯕꯥ,ꯍꯥꯎ
ꯋꯥꯔꯤꯁꯤꯡ,ꯋꯥ
ꯀꯨꯏꯅꯥ,ꯀꯨꯏ
ꯂꯩꯔꯛꯂꯕꯥ,ꯂꯩ
ꯄꯥꯝꯅꯕꯥ,ꯄꯥꯝ
ꯄꯨꯝꯅꯃꯛꯅꯥ,ꯄꯨꯝ
ꯑꯣꯡꯒꯅꯤ,ꯑꯣꯡ
ꯂꯝꯕꯤꯁꯤꯡꯗꯥ,ꯂꯝ
ꯑꯁꯪꯕꯥ,ꯁꯪ
ꯌꯦꯡꯕꯗꯥ,ꯌꯦꯡ
ꯃꯁꯤꯕꯨ,ꯁꯤ
ꯌꯦꯡꯕꯥ,ꯌꯦꯡ
ꯄꯥꯝꯒꯅꯤ,ꯄꯥꯝ
ꯃꯑꯣꯡꯅꯤ,ꯑꯣꯡ
ꯄꯦꯅꯥ,ꯄꯦ
ꯈꯨꯠ,ꯈꯨꯠ
ꯆꯦ,ꯆꯦ
ꯄꯣꯠꯂꯝꯅꯤ,ꯄꯣꯠ
ꯀꯨꯝꯍꯩ,ꯀꯨꯝ
ꯂꯥꯢꯔꯣꯢ,ꯂꯥꯏ
ꯄꯨꯊꯣꯛꯄꯗꯥ,ꯄꯨ
ꯄꯥꯡꯕꯥ,ꯄꯥꯡ
ꯄꯨꯊꯣꯛꯂꯤꯕꯥ,ꯄꯨ
ꯄꯦꯅꯥꯒꯤ,ꯄꯦ
ꯑꯔꯤꯕꯥ,ꯔꯤ
ꯑꯁꯥꯅꯕꯥ,ꯁꯥ
ꯊꯥꯡꯁꯤꯡꯗꯥ,ꯊꯥꯡ
ꯏꯁꯩꯃꯌꯦꯛ,ꯁꯩ
ꯈꯔꯥ,ꯈ
ꯄꯥꯎꯅꯥ,ꯄꯥꯎ
ꯁꯩꯊꯕ,ꯁꯩ
ꯇꯝꯅꯕꯒꯤꯗꯃꯛ,ꯇꯝ
ꯍꯦꯟꯅꯕꯒꯤ,ꯍꯦꯟ
ꯌꯦꯠꯅꯕꯥ,ꯌꯦꯠ
ꯂꯝꯊꯣꯛꯄꯥ,ꯂꯝ
ꯌꯦꯅꯤꯡꯊ,ꯌꯦ
ꯄꯥꯎꯅꯥꯕꯨ,ꯄꯥꯎ
ꯊꯥꯎꯔꯥꯡꯗꯥ,ꯊꯥꯎ
ꯊꯥꯡꯒꯤ,ꯊꯥꯡ
ꯀꯨꯝꯖꯥꯒꯤ,ꯀꯨꯝ
ꯆꯠꯄꯥꯒꯤ,ꯆꯠ
ꯈꯨꯗꯣꯜꯅꯥ,ꯈꯨ
ꯈꯪꯕꯗꯒꯤ,ꯈꯪ
ꯏꯔꯩꯃ,ꯔꯩ
ꯏꯅꯥꯎꯕꯥ,ꯅꯥꯎ
ꯇꯥꯔꯥ,ꯇꯥ
ꯈꯣꯡꯅꯥ,ꯈꯣꯡ
ꯀꯨꯝꯖꯥꯒꯤꯗꯃꯛ,ꯀꯨꯝ
ꯏꯄꯥꯗꯥ,ꯄꯥ
ꯄꯦꯅꯥꯁꯤꯕꯨ,ꯄꯦ
ꯏꯁꯩꯗꯥ,ꯁꯩ
ꯉꯥꯛꯇꯅꯤ,ꯉꯥꯛ
ꯄꯥꯎꯇꯥꯛꯅꯤ,ꯄꯥꯎ
ꯈꯨꯅꯥꯢꯁꯤꯡꯗꯥ,ꯈꯨꯠ
ꯂꯨꯒꯥ,ꯂꯨ
ꯅꯥꯎꯌꯣꯛꯄꯥ,ꯅꯥꯎ
ꯑꯌꯣꯛ,ꯌꯣꯛ
ꯑꯁꯦꯡꯅꯥ,ꯁꯦꯡ
ꯇꯥꯟꯊꯣꯛꯅꯕꯥ,ꯇꯥꯟ
ꯑꯌꯦꯝꯕꯥ,ꯌꯦꯝ
ꯀꯣꯝꯅꯥ,ꯀꯣꯝ
ꯅꯥꯎꯅꯥ,ꯅꯥꯎ
ꯀꯣꯝꯅꯕꯥ,ꯀꯣꯝ
ꯈꯨꯠꯁꯥꯗꯥ,ꯈꯨꯠ
ꯃꯇꯝꯄꯨꯝꯕꯥ,ꯇꯝ
ꯇꯝꯅꯕꯥꯗꯥ,ꯇꯝ
ꯃꯁꯥꯗꯥ,ꯁꯥ
ꯇꯝꯅꯕꯒꯤ,ꯇꯝ
ꯈꯪꯗꯕꯥ,ꯈꯪ
ꯑꯄꯨꯅꯕꯥꯁꯤꯡꯗꯥ,ꯄꯨ
ꯊꯥꯎꯔꯥꯡ,ꯊꯥꯎ
ꯈꯟꯅꯕꯒꯤꯗꯃꯛ,ꯈꯟ
ꯃꯤꯑꯣꯢꯕꯒꯤ,ꯃꯤ
ꯄꯨꯟꯁꯤꯗꯥ,ꯄꯨꯟ
ꯏꯁꯤꯡꯒꯤ,ꯏ
ꯃꯊꯧ,ꯊꯧ
ꯇꯥꯕꯥ,ꯇꯥ
ꯍꯥꯏꯕꯁꯤꯗꯤ,ꯍꯥꯏ
ꯃꯥꯡꯗꯥ,ꯃꯥꯡ
ꯈꯪꯅꯔꯕꯥ,ꯈꯪ
ꯋꯥꯐꯝꯅꯤ,ꯋꯥ
ꯑꯩꯈꯣꯢꯅꯥ,ꯑꯩ
ꯅꯣꯡꯃꯗꯥ,ꯅꯣꯡ
ꯆꯥꯔꯤꯕꯥ,ꯆꯥ
ꯆꯤꯟꯖꯥꯛꯁꯤꯡꯗꯒꯤꯁꯨ,ꯆꯤꯟ
ꯏꯁꯤꯡ,ꯏ
ꯐꯪꯏ,ꯐꯪ
ꯑꯗꯨꯒꯥ,ꯗꯨ
ꯊꯛꯇꯅꯥ,ꯊꯛ
ꯃꯤꯑꯣꯢꯕꯅꯥ,ꯃꯤ
ꯄꯨꯟꯁꯤ,ꯄꯨꯟ
ꯍꯤꯡꯕꯌꯥꯗꯦ,ꯍꯤꯡ
ꯍꯤꯡꯗꯕꯌꯥꯗꯦ,ꯍꯤꯡ
ꯍꯥꯏꯕꯁꯤꯁꯨ,ꯍꯥꯏ
ꯑꯆꯨꯝꯕꯅꯤ,ꯆꯨꯝ
ꯊꯛꯅꯕꯥ,ꯊꯛ
ꯏꯁꯤꯡꯗꯨ,ꯏ
ꯇꯧꯔꯒꯥ,ꯇꯧ
ꯌꯦꯡꯂꯕꯗꯤ,ꯌꯦꯡ
ꯑꯗꯨꯒꯤ,ꯗꯨ
ꯃꯅꯨꯡꯗꯥ,ꯅꯨꯡ
ꯑꯃꯁꯨꯡ,ꯑ
ꯍꯥꯏꯕꯥ,ꯍꯥꯏ
ꯑꯅꯤꯅꯥ,ꯅꯤ
ꯌꯥꯅꯕꯥ,ꯌꯥ
ꯑꯗꯨ,ꯗꯨ
ꯁꯦꯝꯃꯤ,ꯁꯦꯝ
ꯈꯪꯒꯅꯤ,ꯈꯪ
ꯑꯁꯨꯝꯅꯥ,ꯁꯨꯝ
ꯑꯁꯤꯕꯨ,ꯁꯤ
ꯃꯇꯨꯡ,ꯇꯨꯡ
ꯏꯟꯅꯥ,ꯏꯟ
ꯑꯃꯅꯤ,ꯃ
ꯍꯥꯏꯅꯥ,ꯍꯥꯏ
ꯈꯪꯅꯩ,ꯈꯪ
ꯃꯁꯤꯒꯤ,ꯁꯤ
ꯁꯤꯝꯂꯗꯤ,ꯁꯤꯝ
ꯈꯪꯅꯔꯤꯕꯅꯤ,ꯈꯪ
ꯑꯁꯤꯒꯨꯝꯕꯥ,ꯁꯤ
ꯄꯣꯠꯁꯛ,ꯄꯣꯠ
ꯃꯆꯥꯁꯤꯡ,ꯆꯥ
ꯇꯣꯉꯥꯟ,ꯇꯣ
ꯇꯣꯉꯥꯟꯕꯥ,ꯇꯣ
ꯃꯑꯣꯡꯗꯥ,ꯑꯣꯡ
ꯑꯣꯏꯔꯛꯄꯥ,ꯑꯣꯏ
ꯑꯆꯝꯕꯥ,ꯆꯝ
ꯊꯧꯗꯣꯛ,ꯊꯧ
ꯑꯃꯗꯤ,ꯃ
ꯑꯣꯢꯔꯣꯢ,ꯑꯣꯏ
ꯂꯩꯕꯥꯛ,ꯂꯩ
ꯑꯁꯤꯗꯥ,ꯁꯤ
ꯈꯨꯃꯥꯡ,ꯈꯨ
ꯆꯥꯎꯁꯤꯜꯂꯛꯄꯥ,ꯆꯥꯎ
ꯅꯧꯅꯥ,ꯅꯧ
ꯄꯨꯊꯣꯛꯂꯛꯄꯥ,ꯄꯨ
ꯄꯣꯠꯁꯛꯁꯤꯡꯅꯥ,ꯄꯣꯠ
ꯑꯁꯤꯒꯤ,ꯁꯤ
ꯃꯆꯥꯛ,ꯆꯥꯛ
ꯁꯦꯝꯕꯗꯥ,ꯁꯦꯝ
ꯌꯥꯝꯅꯥ,ꯌꯥꯝ
ꯃꯇꯦꯡ,ꯇꯦꯡ
ꯄꯥꯡꯏ,ꯄꯥꯡ
ꯃꯇꯥꯡꯗꯥ,ꯇꯥꯡ
ꯍꯥꯏꯔꯛꯇꯕꯥ,ꯍꯥꯏ
ꯌꯥꯗꯕꯥ,ꯌꯥ
ꯑꯃꯣꯠꯄꯥ,ꯃꯣꯠ
ꯍꯥꯏꯕꯁꯤꯅꯤ,ꯍꯥꯏ
ꯀꯩꯗꯧꯉꯩꯗꯥ,ꯀꯩ
ꯃꯣꯠꯍꯟꯒꯗꯕꯅꯤ,ꯃꯣꯠ
ꯃꯁꯤꯗꯤ,ꯁꯤ
ꯑꯩ,ꯑꯩ
ꯍꯦꯟꯅꯥ,ꯍꯦꯟ
ꯈꯪꯕꯥ,ꯈꯪ
ꯊꯧꯗꯥꯡꯅꯤ,ꯊꯧ
ꯃꯌꯨꯝꯗꯥ,ꯌꯨꯝ
ꯁꯤꯖꯤꯟꯅꯔꯤꯕꯥ,ꯁꯤ
ꯄꯣꯠꯂꯝꯁꯤꯡ,ꯄꯣꯠ
ꯇꯨꯡꯁꯤꯟꯕꯥ,ꯇꯨꯡ
ꯄꯣꯠꯂꯝꯁꯤꯡꯗꯥ,ꯄꯣꯠ
ꯃꯣꯠꯍꯟꯗꯅꯥ,ꯃꯣꯠ
ꯊꯝꯕꯥ,ꯊꯝ
ꯍꯥꯏꯕꯁꯤ,ꯍꯥꯏ
ꯇꯥꯏꯕꯪ,ꯇꯥꯏ,
ꯃꯩꯇꯩꯂꯣꯟꯒꯤ,ꯃꯩ
ꯄꯥꯝꯕꯤꯁꯤꯡꯒꯤ,ꯄꯥꯝ
ꯏꯕ,ꯏ
ꯅꯣꯛꯄꯥ,ꯅꯣꯛ
ꯃꯇꯧꯁꯤꯡ,ꯇꯧ
ꯑꯩꯗꯤ,ꯑꯩ
ꯇꯧꯔꯕ,ꯇꯧ
ꯄꯥꯝꯕꯤꯅꯤ,ꯄꯥꯝ
ꯅꯍꯥꯛꯅꯥ,ꯍꯥꯛ
ꯀꯗꯥꯏꯗꯥ,ꯀꯗꯥꯏ
ꯀꯩꯗꯧꯔꯕ,ꯀꯩ
ꯑꯁꯤꯅꯥ,ꯁꯤ
ꯑꯃꯝꯕꯥ,ꯃꯝ
ꯃꯌꯥꯏꯗꯥ,ꯌꯥꯏ
ꯉꯥꯡꯂꯤꯕꯥ,ꯉꯥꯡ
ꯅꯤꯡꯊꯤ,ꯅꯤꯡ
ꯅꯤꯡꯊꯧꯅꯤ,ꯅꯤꯡ
ꯃꯍꯥꯛꯅꯥ,ꯍꯥꯛ
ꯃꯗꯨꯗꯤ,ꯗꯨ
ꯄꯥꯝꯕꯤ,ꯄꯥꯝ
ꯅꯤꯡꯊꯤꯅꯥ,ꯅꯤꯡ
ꯂꯣꯏꯅꯕꯔꯥ,ꯂꯣꯏ
ꯁꯤꯡꯅꯥ,ꯁꯤꯡ
ꯃꯇꯧ,ꯇꯧ
ꯈꯪꯗꯕꯔꯥ,ꯈꯪ
ꯈꯪꯗꯣꯛꯅꯥ,ꯈꯪ
ꯂꯩꯕꯒꯤꯗꯃꯛ,ꯂꯩ
ꯇꯣꯉꯥꯟ,ꯇꯣ
ꯎꯠꯂꯤꯕꯅꯤ,ꯎꯠ
ꯄꯥꯝꯕꯤꯁꯤꯡꯒꯤꯗꯃꯛ,ꯄꯥꯝ
ꯑꯗꯨꯝ,ꯗꯨꯝ
ꯂꯩ,ꯂꯩ
ꯍꯥꯏꯔꯤꯕꯥ,ꯍꯥꯏ
ꯈꯪꯅꯕꯥ,ꯈꯪ
ꯉꯝꯕꯥ,ꯉꯝ
ꯂꯧꯕꯥ,ꯂꯧ
ꯍꯧꯔꯛꯄꯥ,ꯍꯧ
ꯅꯤꯡꯊꯤꯕꯥ,ꯅꯤꯡ
ꯌꯥꯏꯕꯤ,ꯌꯥꯏ
ꯃꯗꯨꯗꯒꯤ,ꯗꯨ
ꯃꯈꯣꯏꯒꯤ,ꯈꯣꯏ
ꯂꯧꯁꯤꯡꯒꯤ,ꯂꯧ
ꯂꯤꯊꯣꯛꯔꯛꯏ,ꯂꯤ
ꯉꯝꯂꯤꯕꯥ,ꯉꯝ
ꯀꯅꯥ,ꯀꯅꯥ
ꯂꯥꯛꯄꯥ,ꯂꯥꯛ
ꯃꯇꯝꯗꯥ,ꯇꯝ
ꯅꯥꯄꯤꯁꯤꯡ,ꯅꯥ
ꯅꯥꯄꯤ,ꯅꯥ
ꯀꯣꯏꯁꯤꯟꯕꯁꯤꯡꯅꯥ,ꯀꯣꯏ
ꯃꯈꯣꯏꯒꯤꯗꯃꯛ,ꯈꯣꯏ
ꯃꯇꯧꯗꯨ,ꯇꯧ
ꯃꯇꯧꯅꯤ,ꯇꯧ
ꯌꯥꯏ,ꯌꯥꯏ
ꯃꯁꯤ,ꯁꯤ
ꯈꯪꯉꯨ,ꯈꯪ
ꯃꯗꯨꯕꯨ,ꯗꯨ
ꯑꯉꯥꯡꯁꯤꯡꯅꯥ,ꯉꯥꯡ
ꯂꯥꯏꯔꯤꯛ,ꯂꯥꯏ
ꯇꯝꯂꯕꯥ,ꯇꯝ
ꯃꯗꯨꯗꯥ,ꯗꯨ
ꯃꯁꯤꯅꯥ,ꯁꯤ
ꯅꯍꯥꯛꯀꯤ,ꯍꯥꯛ
ꯄꯥꯝꯕꯤꯁꯤꯡ,ꯄꯥꯝ
ꯎꯠꯂꯕꯥ,ꯎꯠ
ꯄꯥꯝꯕꯤꯅꯥ,ꯄꯥꯝ
ꯃꯍꯥꯛꯀꯤ,ꯍꯥꯛ
ꯎꯠꯂꯛꯄꯥ,ꯎꯠ
ꯂꯧꯁꯤꯡ,ꯂꯧ
ꯃꯁꯛ,ꯁꯛ
ꯃꯈꯣꯏꯕꯨ,ꯈꯣꯏ
ꯑꯁꯤꯅꯤ,ꯁꯤ
ꯀꯅꯥꯒꯤꯗꯃꯛ,ꯀꯅꯥ
ꯂꯩꯕꯥ,ꯂꯩ
ꯑꯉꯥꯡꯒꯤ,ꯑꯉꯥꯡ
ꯃꯤꯑꯣꯢꯕꯥꯅꯥ,ꯃꯤ
ꯍꯣꯠꯅꯥꯕꯥ,ꯍꯣꯠ
ꯃꯄꯥꯡ,ꯄꯥꯡ
ꯀꯩꯊꯦꯜ,ꯀꯩ
ꯇꯥꯏ,ꯇꯥꯏ
ꯃꯤꯑꯣꯢꯕꯥ,ꯃꯤ
ꯍꯤꯡꯅꯥꯕꯥꯒꯤꯗꯃꯛ,ꯍꯤꯡ
ꯆꯥꯛꯄ,ꯆꯥꯛ
ꯍꯤꯡꯅꯥꯕꯥ,ꯍꯤꯡ
ꯂꯥꯟꯅꯥ,ꯂꯥꯟ
ꯂꯧ,ꯂꯧ
ꯑꯗꯨꯕꯨ,ꯗꯨ
ꯃꯇꯝ,ꯇꯝ
ꯇꯥꯕꯒꯤ,ꯇꯥ
ꯂꯩꯇꯥꯗꯦ,ꯂꯩ
ꯇꯥꯕꯅꯤ,ꯇꯥ
ꯄꯨꯊꯣꯛꯄꯥ,ꯄꯨ
ꯃꯇꯦꯡꯅꯥ,ꯇꯦꯡ
ꯅꯨꯡꯉꯥꯢꯕꯥ,ꯅꯨꯡ
ꯑꯇꯣꯞꯄꯥ,ꯇꯣꯞ
ꯃꯄꯥꯟ,ꯄꯥꯟ
ꯃꯊꯧꯅꯥ,ꯊꯧ
ꯄꯨꯊꯣꯛꯄꯥ,ꯄꯨ
ꯍꯤꯡꯕꯥ,ꯍꯤꯡ
ꯁꯨꯝꯖꯤꯠ,ꯁꯨꯝ
ꯇꯧꯕꯥ,ꯇꯧ
ꯄꯨꯝꯅꯥꯃꯛ,ꯄꯨꯝ
ꯑꯣꯏꯅꯥ,ꯑꯣꯏ
ꯇꯧꯕꯅꯤ,ꯇꯧ
ꯁꯨꯝꯕꯜ,ꯁꯨꯝ
ꯁꯦꯟꯕ,ꯁꯦꯟ
ꯁꯨꯝ,ꯁꯨꯝ
ꯒꯥꯔꯤ,ꯒꯥ
ꯊꯧꯕꯁꯤꯡꯅꯥ,ꯊꯧ
ꯅꯣꯡꯂꯤꯛ,ꯅꯣꯡ
ꯅꯨꯡꯉꯥꯢꯅꯥ,ꯅꯨꯡ
ꯄꯥꯝꯅꯤ,ꯄꯥꯝ
ꯍꯧꯖꯤꯛ,ꯍꯧ,
ꯄꯨꯟꯁꯤꯒꯤ,ꯄꯨꯟ
ꯄꯥꯡꯂꯒꯥ,ꯄꯥꯡ
ꯈꯟꯒꯠꯄꯥ,ꯈꯟ
ꯂꯩꯅꯥ,ꯂꯩ
ꯑꯄꯤꯛꯄꯥ,ꯄꯤꯛ
ꯋꯥꯔꯤ,ꯋꯥ
ꯏꯃꯥꯒꯤ,ꯃꯥ
ꯃꯄꯣꯛꯀꯨꯝꯕꯥ,ꯄꯣꯛ
ꯃꯇꯝꯒꯤ,ꯇꯝ
ꯃꯇꯨꯡꯏꯟꯅꯥ,ꯇꯨꯡ
ꯃꯇꯤꯛ,ꯇꯤꯛ
ꯆꯥꯕꯥ,ꯆꯥ
ꯀꯪꯂꯥꯄꯥꯔꯛ,ꯀꯪꯂꯥ
ꯏꯪꯊꯕꯥ,ꯏꯪ
ꯏꯆꯥꯁꯥ,ꯆꯥ
ꯀꯪꯂꯥꯄꯥꯔꯛꯇꯥ,ꯀꯪꯂꯥ
ꯂꯩꯔꯤꯕꯃꯈꯩ,ꯂꯩ
ꯂꯩꯔꯤ,ꯂꯩ
ꯊꯥꯖꯩ,ꯊꯥ
ꯑꯩꯈꯣꯢ,ꯑꯩ
ꯂꯣꯏꯅꯃꯛ,ꯂꯣꯏ
ꯋꯥꯔꯤꯁꯤꯡꯒꯤ,ꯋꯥ
ꯄꯥꯎꯈꯨꯝꯅꯤ,ꯄꯥꯎ
ꯈꯟꯒꯠꯂꯤ,ꯈꯟ
ꯀꯣꯏꯊꯣꯛꯄꯥ,ꯀꯣꯏ
ꯅꯨꯄꯤ,ꯅꯨ
ꯍꯥꯏꯕꯥꯁꯤ,ꯍꯥꯏ
ꯅꯨꯄꯤꯁꯤꯡꯒꯤ,ꯅꯨ
ꯃꯔꯣꯛꯀꯤ,ꯔꯣꯛ
ꯂꯃꯥꯏꯗꯥ,ꯂꯃꯥꯏ
ꯆꯤꯟꯊꯤꯕꯥ,ꯆꯤꯟ
ꯄꯨꯊꯣꯛꯂꯤ,ꯄꯨ
ꯑꯩꯈꯣꯢꯒꯤ,ꯑꯩ
ꯃꯁꯥꯒꯤ,ꯁꯥ
ꯄꯥꯎꯇꯥꯛꯅꯥ,ꯄꯥꯎ
ꯃꯄꯨꯡ,ꯄꯨꯡ
ꯑꯩ,ꯑꯩ
ꯄꯥꯝꯃꯤ,ꯄꯥꯝ
ꯐꯥꯍꯟꯕꯥ,ꯐꯥ
ꯈꯨꯗꯤꯡꯒꯤ,ꯈꯨ
ꯄꯥꯡꯂꯤ,ꯄꯥꯡ
ꯑꯩꯈꯣꯢꯗꯒꯤ,ꯑꯩ
ꯄꯥꯝꯂꯤꯕꯥ,ꯄꯥꯝ
ꯉꯝꯒꯅꯤ,ꯉꯝ
ꯂꯝꯕꯤꯗꯥ,ꯂꯝ
ꯅꯪꯒꯤ,ꯅꯪ
ꯍꯧꯗꯣꯛꯄꯥ,ꯍꯧ
ꯅꯨꯡꯁꯤꯖꯩ,ꯅꯨꯡ
ꯅꯪꯕꯨ,ꯅꯪ
ꯂꯥꯛꯈꯤꯅꯤ,ꯂꯥꯛ
ꯑꯃꯗꯥ,ꯑ
ꯂꯃꯥꯏꯁꯤꯡꯒꯤ,ꯂꯃꯥꯏ
ꯃꯔꯛꯇꯥ,ꯔꯛ
ꯈꯣꯝꯖꯤꯟꯒꯅꯤ,ꯈꯣꯝ
ꯁꯦꯟꯅꯕꯤꯕꯥ,ꯁꯦꯟ
ꯄꯨꯝꯅꯃꯛ,ꯄꯨꯝ
ꯆꯠꯄꯥ,ꯆꯠ
ꯃꯔꯤ,ꯔꯤ
ꯅꯨꯡꯁꯤꯕꯥ,ꯅꯨꯡ
ꯉꯥꯛꯄꯥ,ꯉꯥꯛ
ꯅꯨꯡꯁꯤ,ꯅꯨꯡ
ꯂꯣꯏꯅꯕꯥ,ꯂꯣꯏ
ꯍꯥꯛꯆꯥꯡꯅꯥ,ꯍꯥꯛꯆꯥꯡ
ꯄꯨꯟꯅꯥ,ꯄꯨꯟ
ꯂꯩꯕꯅꯤ,ꯂꯩ
ꯈꯣꯝꯖꯤꯟꯒꯅꯤ,ꯈꯣꯝ
ꯈꯣꯝꯖꯤꯟꯕꯥ,ꯈꯣꯝ
ꯏꯃꯥ,ꯃꯥ
ꯅꯪꯕꯨ,ꯅꯪ
ꯃꯥꯏ,ꯃꯥꯏ
ꯆꯩꯕ,ꯆꯩ
ꯁꯥꯒꯩꯅꯤ,ꯁꯥ
ꯑꯗꯨꯉꯩ,ꯗꯨ
ꯁꯦꯝꯕ,ꯁꯦꯝ
ꯄꯣꯊꯣꯛꯅꯤ,ꯄꯣ
ꯄꯥꯜꯂꯤ,ꯄꯥꯜ
ꯁꯅꯥꯐꯝꯗꯥ,ꯁ
ꯑꯗꯨ,ꯗꯨ
ꯑꯁꯨꯝ,ꯁꯨꯝ
ꯑꯗꯨꯒ,ꯗꯨ
ꯅꯁꯨ,ꯁꯨ
ꯄꯣꯛꯄꯥ,ꯄꯣꯛ
ꯄꯥꯒꯗꯕꯥꯅꯤ,ꯄꯥ
ꯄꯥꯏꯕꯥ,ꯄꯥꯏ
ꯅꯄꯥꯗꯅꯤ,ꯅ
ꯊꯗꯕꯥ,ꯊ
ꯄꯥꯜꯂꯤꯕꯅꯤ,ꯄꯥꯜ
ꯃꯥꯏꯊꯕ,ꯃꯥꯏ
ꯁꯥꯏꯗ,ꯁꯥꯏ 
ꯃꯤꯌꯥꯝꯒꯤꯗꯃꯛ,ꯃꯤ
ꯏꯄꯥ,ꯄꯥ
ꯏꯄꯨ,ꯄꯨ
ꯅꯤꯡꯊꯧ,ꯅꯤꯡ
ꯀꯩꯔꯦꯜ,ꯀꯩ
ꯄꯥꯡꯂꯕꯗꯤ,ꯄꯥꯡ
ꯆꯥꯎꯈꯠꯀꯅꯤ,ꯆꯥꯎ
ꯑꯗꯨꯒꯨꯝꯕꯥ,ꯗꯨ
ꯁꯨꯅꯤꯡꯕꯥꯁꯤꯡ,ꯁꯨ
ꯍꯦꯛꯇꯥ,ꯍꯦꯛ
ꯑꯣꯏꯕꯥ,ꯑꯣꯏ
ꯀꯣꯅꯨꯡꯒꯤ,ꯀꯣ
ꯃꯤꯑꯣꯢꯁꯤꯡ,ꯃꯤ
ꯌꯥꯝꯅꯃꯛ,ꯌꯥꯝ
ꯇꯩꯅꯥ,ꯇꯩ
ꯑꯣꯏꯕꯅꯤ,ꯑꯣꯏ
ꯀꯣꯏ,ꯀꯣꯏ
ꯑꯣꯏꯅꯕ,ꯑꯣꯏ
ꯀꯅꯥꯅꯥ,ꯀꯅꯥ
ꯑꯃꯥꯒꯤ,ꯃꯥ
ꯃꯤꯌꯥꯝꯒꯤ,ꯃꯤ
ꯇꯧꯕꯗꯤ,ꯇꯧ
ꯂꯩꯅꯥꯕꯥ,ꯂꯩ
ꯍꯥꯏꯗꯨꯅꯥ,ꯍꯥꯏ
ꯀꯅꯥꯒꯨꯝꯕꯥ,ꯀꯅꯥ
ꯏꯆꯥꯁꯤꯡꯅꯥ,ꯆꯥ
ꯑꯑꯣꯏꯕꯗꯥ,ꯑꯣꯏ
ꯃꯗꯨꯒꯤ,ꯗꯨ
ꯂꯩꯇꯕꯗꯤ,ꯂꯩ
ꯂꯥꯡꯒꯤ,ꯂꯥꯡ
ꯍꯧꯔꯛꯄꯅꯤ,ꯍꯧ
ꯃꯗꯨ,ꯗꯨ
ꯑꯗꯨꯗꯥ,ꯗꯨ
ꯑꯣꯏꯔꯛꯀꯗꯕꯅꯤ,ꯑꯣꯏ
ꯀꯅꯥꯒꯨꯝꯕꯅꯥ,ꯀꯅꯥ
ꯍꯥꯏꯒꯗꯅꯤ,ꯍꯥꯏ
ꯇꯥꯡꯈꯨꯜꯅꯥ,ꯇꯥꯡ
ꯃꯤꯇꯩ,ꯃꯤ
ꯃꯤꯌꯥꯝꯗꯤ,ꯃꯤ
ꯍꯣꯠꯅꯔꯤꯕꯅꯤ,ꯍꯣꯠ
ꯅꯣꯏꯕꯥ,ꯅꯣꯏ
ꯃꯇꯝꯗꯒꯤ,ꯇꯝ
ꯅꯩꯕꯅꯤ,ꯅꯩ
ꯍꯥꯏꯕꯗꯨꯃꯛ,ꯍꯥꯏ
ꯂꯥꯡꯗꯥ,ꯂꯥꯡ
ꯍꯥꯏꯕꯗꯨ,ꯍꯥꯏ
ꯃꯁꯥꯅꯥ,ꯁꯥ
ꯅꯨꯡ,ꯅꯨꯡ
ꯍꯥꯏꯕꯅꯤ,ꯍꯥꯏ
ꯃꯁꯤꯗꯥ,ꯁꯤ
ꯃꯤꯌꯥꯝ,ꯃꯤ
ꯃꯇꯝꯗꯥꯗꯤ,ꯇꯝ
ꯂꯥꯏꯕꯥ,ꯂꯥꯏ
ꯀꯣꯟꯅꯕꯅꯤ,ꯀꯣꯟ
ꯇꯥꯏꯅꯥꯕꯥ,ꯇꯥꯏ
ꯍꯥꯏꯅꯤ,ꯍꯥꯏ
ꯂꯩꯕꯥꯗꯨꯒꯤ,ꯂꯩ
ꯇꯩꯕꯅꯤ,ꯇꯩ
ꯃꯗꯨꯒꯨꯝꯕꯥ,ꯗꯨ
ꯃꯤꯑꯣꯢ,ꯃꯤ
ꯑꯃꯥꯒꯨꯝꯅꯥ,ꯑꯃꯥ
ꯃꯇꯝꯗꯤ,ꯇꯝ
ꯄꯥꯟꯕꯅꯤ,ꯄꯥꯟ
ꯃꯁꯥ,ꯁꯥ
ꯂꯥꯏꯒꯤ,ꯂꯥꯏ
ꯂꯩꯔꯛꯄꯥ,ꯂꯩ
ꯍꯦꯛꯇꯥꯂꯩꯕꯥ,ꯍꯦꯛ
ꯌꯥꯏꯕꯥ,ꯌꯥꯏ
ꯍꯧꯔꯦ,ꯍꯧ
ꯄꯥꯅꯕꯥ,ꯄꯥ
ꯁꯦꯟꯅꯕꯥ,ꯁꯦꯟ
ꯊꯣꯏꯕꯥ,ꯊꯣꯏ
ꯂꯥꯏꯒꯨꯝꯕꯥ,ꯂꯥꯏ
ꯀꯕꯣꯛ,ꯀꯕꯣꯛ
ꯍꯧꯖꯤꯛꯀꯤ,ꯍꯧ
ꯑꯣꯏꯕ,ꯑꯣꯏ
ꯄꯥꯎꯗꯝ,ꯄꯥꯎ
ꯃꯇꯝꯗ,ꯇꯝ
ꯊꯣꯛꯈꯤꯕ,ꯊꯣꯛ
ꯏꯝꯐꯥꯜ,ꯏꯝꯐꯥꯜ
ꯀꯝꯗꯧꯔꯤꯒꯦ,ꯀꯝ
ꯆꯦꯅ,ꯆꯦ
ꯄꯜꯂꯕ,ꯄꯜ
ꯀꯥꯟꯅꯕꯗꯥ,ꯀꯥꯟ
ꯅꯥꯒꯔꯤꯛꯁꯤꯡ,ꯅꯥ
ꯆꯟꯅꯗꯕꯥ,ꯆꯟ
ꯃꯅꯤ,ꯅꯤ
ꯄꯥꯎꯆꯦ,ꯄꯥꯎ,
ꯑꯃꯗꯒꯤ,ꯃ
ꯄꯥꯎ,ꯄꯥꯎ
ꯐꯪꯂꯤꯕꯥ,ꯐꯪ
ꯐꯥꯕꯥ,ꯐꯥ
ꯊꯧꯔꯥꯡꯁꯤꯡ,ꯊꯧ
ꯊꯣꯛꯈꯤꯕꯥ,ꯊꯣꯛ
ꯃꯈꯥ,ꯈꯥ
ꯇꯥꯅꯥ,ꯇꯥ
ꯂꯥꯛꯂꯤꯕꯥ,ꯂꯥꯛ
ꯆꯤꯡꯅꯒꯅꯤ,ꯆꯤꯡ
ꯃꯇꯨꯡꯗꯥ,ꯇꯨꯡ
ꯂꯥꯛꯀꯗꯕꯥ,ꯂꯥꯛ
ꯄꯥꯎꯖꯦꯜ,ꯄꯥꯎ
ꯄꯤꯔꯤꯕꯅꯤ,ꯄꯤ
ꯊꯧꯑꯣꯡ,ꯊꯧ
ꯊꯣꯛꯍꯜꯂꯦ,ꯊꯣꯛ
ꯃꯐꯝ,ꯐꯝ
ꯂꯩꯔꯤꯕꯥ,ꯂꯩ
ꯃꯤꯑꯣꯢꯁꯤꯡꯅꯥ,ꯃꯤ
ꯆꯦꯛꯁꯤꯟꯅꯥ,ꯆꯦꯛ
ꯄꯤꯔꯤ,ꯄꯤ
ꯃꯔꯝ,ꯔꯝ
ꯑꯣꯏꯗꯨꯅꯥ,ꯑꯣꯏ
ꯂꯝꯗꯝ,ꯂꯝ
ꯐꯤꯚꯝ,ꯐꯤ
ꯀꯥꯏꯍꯟꯗꯅꯥ,ꯀꯥꯏ
ꯊꯝꯅꯥꯕꯥ,ꯊꯝ
ꯍꯣꯠꯅꯒꯗꯕꯅꯤ,ꯍꯣꯠ
ꯂꯥꯎꯊꯣꯛꯈꯤ,ꯂꯥꯎ
ꯑꯣꯏꯔꯒꯥ,ꯑꯣꯏ
ꯌꯨꯝꯊꯪꯅꯕꯥ,ꯌꯨꯝ
ꯂꯝꯗꯝꯁꯤꯡꯗꯥ,ꯂꯝ
ꯋꯥꯈꯜ,ꯋꯥ
ꯉꯥꯛ,ꯉꯥꯛ
ꯁꯦꯟꯅꯕꯥ,ꯁꯦꯟ
ꯊꯧꯃꯤꯁꯤꯡꯅꯥ,ꯊꯧ
ꯂꯩꯔꯦ,ꯂꯩ
ꯑꯣꯢꯔꯦ,ꯑꯣꯢ
ꯉꯥꯛꯇꯨꯅꯥ,ꯉꯥꯛ
ꯐꯒꯠꯍꯟꯅꯥꯕꯥ,ꯐ
ꯍꯣꯠꯅꯕꯗꯥ,ꯍꯣꯠ
ꯃꯤꯌꯥꯝꯅꯥ,ꯃꯤ
ꯄꯥꯡꯅꯕꯥ,ꯄꯥꯡ
ꯄꯤꯈꯤ,ꯄꯤ
ꯉꯥꯛꯄ,ꯉꯥꯛ
ꯃꯤꯁꯤꯡꯅꯥ,ꯃꯤ
ꯍꯤꯛꯂ,ꯍꯤꯛ
ꯃꯈꯥꯗꯥ,ꯈꯥ
ꯄꯤꯔꯤꯕꯥ,ꯄꯤ
ꯑꯁꯤꯗꯒꯤ,ꯁꯤ
ꯄꯥꯎꯁꯤꯡ,ꯄꯥꯎ
ꯃꯩꯇꯩ,ꯃꯩ
ꯃꯌꯦꯛ,ꯌꯦꯛ
ꯍꯟꯗꯣꯛꯄꯅꯤ,ꯍꯟ
ꯂꯩꯕꯥꯛ,ꯂꯩ
ꯄꯣꯛꯄꯥ,ꯄꯣꯛ
ꯐꯣꯡꯕꯥ,ꯐꯣꯡ
ꯈꯨꯔꯥꯏ,ꯈꯨ
ꯊꯣꯡꯕ,ꯊꯣꯡ
ꯂꯩꯀꯥꯏ,ꯂꯩ
ꯂꯩꯃꯥꯔꯦꯜꯁꯤꯡꯒꯤ,ꯂꯩ
ꯁꯩꯁꯥꯛꯀꯣꯜ,ꯁꯩ
ꯇꯧꯔꯕꯥ,ꯇꯧ
ꯂꯨꯞꯅꯥ,ꯂꯨꯞ
ꯅꯨꯃꯤꯠꯇꯥ,ꯅꯨ
ꯊꯧꯔꯝ,ꯊꯧ
ꯄꯥꯡꯊꯣꯛꯈ꯭ꯔꯦ,ꯄꯥꯡ
ꯂꯣꯛꯇꯥꯛꯅꯥ,ꯂꯣꯛ
ꯁꯥꯁꯟ,ꯁꯥ
ꯑꯣꯖꯥꯁꯤꯡ,ꯑꯣ
ꯂꯧꯅꯕꯒꯤꯗꯃꯛ,ꯂꯧ
ꯄꯥꯡꯊꯣꯛꯀꯅꯤ,ꯄꯥꯡ
ꯎꯊꯣꯛꯈ꯭ꯔꯦ,ꯊꯣꯛ
ꯐꯥꯎꯕꯥ,ꯐꯥꯎ
ꯌꯥꯒꯅꯤ,ꯌꯥ
ꯁꯤꯡꯒꯤ,ꯁꯤꯡ
ꯁꯨꯕꯥ,ꯁꯨ
ꯄꯔꯤ,ꯄ
ꯆꯥꯖꯤꯛ,ꯆꯥ
ꯁꯖꯤꯡ,ꯁ
ꯍꯤꯗꯥ,ꯍꯤ
ꯍꯣꯡꯗꯣꯛꯈ꯭ꯔꯦ,ꯍꯣꯡ
ꯂꯥꯏꯊꯣꯛꯄꯥ,ꯂꯥꯏ
ꯄꯥꯎꯁꯤꯡꯗꯥ,ꯄꯥꯎ
ꯂꯪꯊꯕ,ꯂꯪ
ꯀꯣꯅꯨꯡ,ꯀꯣ
ꯃꯌꯥ,ꯌꯥ
ꯂꯩꯀꯥꯏꯗꯥ,ꯂꯩ
ꯌꯨꯝ,ꯌꯨꯝ
ꯌꯣꯟꯖꯥꯔꯤ,ꯌꯣꯟ
ꯄꯜꯅꯤ,ꯄꯜ
ꯀꯥꯎꯟꯁꯤꯜ,ꯀꯥꯎꯟ
ꯋꯥꯔꯗ,ꯋꯥ
ꯅꯪꯗꯥ,ꯅꯪ
ꯂꯧꯐꯝ,ꯂꯧ
ꯑꯃꯁꯨ,ꯑ
ꯌꯣꯟꯅꯕꯥ,ꯌꯣꯟ
ꯌꯥꯎꯔꯤ,ꯌꯥꯎ
ꯃꯁꯤꯒꯥ,ꯁꯤ
ꯂꯣꯏꯅꯅꯥ,ꯂꯣꯏ
ꯊꯥꯜꯂꯨ,ꯊꯥꯜ
ꯃꯩꯔꯤꯛ,ꯃꯩ
ꯑꯥꯁꯤꯗꯤ,ꯁꯤ
ꯀꯥꯗ,ꯀꯥ
ꯃꯥꯔꯤꯅꯤ,ꯃꯥ
ꯃꯔꯟ,ꯔꯟ
ꯄꯣꯁꯇ,ꯄꯣꯁ
ꯄꯥꯕꯨꯡ,ꯄꯥ
ꯁꯤꯡꯒꯤ,ꯁꯤꯡ
ꯂꯥꯏꯁꯪ,ꯂꯥꯏ
ꯅꯣꯡꯃꯩ,ꯅꯣꯡ
ꯃꯥꯡꯈꯤꯕꯒꯤ,ꯃꯥꯡ
ꯑꯔꯣꯏꯕꯗꯥ,ꯔꯣꯏ
ꯌꯨꯒꯤ,ꯌꯨ
ꯍꯣꯝ,ꯍꯣꯝ
ꯁꯥꯏꯟꯁ,ꯁꯥꯏꯟꯁ
ꯄꯔꯤ,ꯄ
ꯁꯥꯕ,ꯁꯥ
ꯑꯇꯣꯞꯄ,ꯇꯣꯞ
ꯑꯣꯏꯈꯤꯕꯥ,ꯑꯣꯏ
ꯃꯥꯏꯕꯕꯨ,ꯃꯥꯏ
ꯏꯃꯨꯡ,ꯃꯨꯡ
ꯃꯅꯨꯡ,ꯅꯨꯡ
ꯃꯔꯨꯞꯁꯤꯡꯅꯥ,ꯔꯨꯞ
ꯍꯔꯥꯎꯕꯥ,ꯍ
ꯐꯣꯡꯗꯣꯛꯂꯤ,ꯐꯣꯡ
ꯌꯥꯎꯔꯤꯕꯥ,ꯌꯥꯎ
ꯑꯃꯍꯦꯛꯇꯥ,ꯃ
ꯑꯗꯣꯝꯅꯥ,ꯗꯣꯝ
ꯄꯥꯝꯕꯤꯕꯔꯥ,ꯄꯥꯝ
ꯋꯥꯔꯦꯡ,ꯋꯥ
ꯁꯦꯡꯅꯥ,ꯁꯦꯡ
ꯍꯟꯗꯣꯛꯅꯕꯥ,ꯍꯟ
ꯇꯨꯈꯦꯡ,ꯇꯨ
ꯂꯥꯏꯈꯦꯡ,ꯂꯥꯏ
ꯈꯖꯥꯏ,ꯈꯖꯥꯏ
ꯈꯖꯤꯛ,ꯈ
ꯈꯪꯍꯟꯕꯒꯥ,ꯈꯪ
ꯆꯥꯅꯕ,ꯆꯥ
ꯄꯤꯖꯥꯕꯤꯌꯨ,ꯄꯤ
ꯅꯠꯇꯕ,ꯅꯠ
ꯄꯤꯔꯛꯈꯤꯗꯦ,ꯄꯤ
ꯃꯁꯤꯃꯛꯅꯁꯨ,ꯁꯤ
ꯁꯤꯖꯤꯟꯅꯈꯔꯦ,ꯁꯤ
ꯇꯟꯗꯅꯥ,ꯇꯟ
ꯈꯨꯗꯤꯡꯕꯨꯁꯨ,ꯈꯨ
ꯁꯥꯒꯠꯅꯈꯤꯕꯅꯤ,ꯁꯥ
ꯂꯩꯀꯗꯥ,ꯂꯩ
ꯉꯝꯂꯦ,ꯉꯝ
ꯉꯝꯂꯕꯅꯤ,ꯉꯝ
ꯊꯝꯂꯕꯥ,ꯊꯝ
ꯆꯠꯈꯤ,ꯆꯠ
ꯅꯤꯡꯗꯦ,ꯅꯤꯡ
ꯅꯤꯗꯦ,ꯅꯤ
ꯁꯨꯔꯝꯕꯥ,ꯁꯨ
ꯇꯦꯟꯒꯤ,ꯇꯦꯟ
ꯄꯥꯂꯦꯝ,ꯄꯥ
ꯊꯥꯡꯒꯥ,ꯊꯥꯡ
ꯁꯅꯥ,ꯁ
ꯂꯥꯕ,ꯂꯥ
ꯀꯨꯝꯂꯕꯥ,ꯀꯨꯝ
ꯆꯦꯟꯊꯕꯥ,ꯆꯦꯟ
ꯀꯅꯥꯗ,ꯀ
ꯏꯐꯝꯗ,ꯐꯝ
ꯃꯂꯦꯝꯒꯤ,ꯂꯦꯝ
ꯁꯤꯗ,ꯁꯤ
ꯐꯃꯤꯟꯅꯔꯒꯥ,ꯐ
ꯀꯥꯔꯕꯥꯔꯁꯨ,ꯀꯥ
ꯆꯪꯁꯤꯟꯈꯤꯕꯥ,ꯆꯪ
ꯄꯥꯔꯦꯡ,ꯄꯥ
ꯂꯦꯟꯅꯕ,ꯂꯦꯟ
ꯀꯥꯁꯤꯡꯁꯨ,ꯀꯥ
ꯀꯥꯅꯕꯕꯨ,ꯀꯥ
ꯊꯦꯡꯕ,ꯊꯦꯡ
ꯅꯨꯃꯤꯗꯥꯡꯗꯒꯤ,ꯅꯨ
ꯅꯨꯃꯤꯗꯥꯡꯐꯥꯎ,ꯅꯨ
ꯕꯥꯕꯥꯒꯤ,ꯕꯥ
ꯃꯟꯅꯕ,ꯃꯟ
ꯅꯦꯅꯦ,ꯅꯦ
ꯅꯤꯅꯤ,ꯅꯤ
ꯆꯠꯅꯔꯒꯅꯤ,ꯆꯠ
ꯏꯔꯦ,ꯏ
ꯁꯔꯀꯥꯟꯗꯒꯤ,ꯁ
ꯃꯥꯟꯅꯕꯅꯦ,ꯃꯥꯟ
ꯀꯦꯒꯦꯒꯤ,ꯀꯦ
ꯁꯤꯟꯅꯕꯒꯤ,ꯁꯤꯟ
ꯁꯤꯟꯅꯕꯤꯌꯨ,ꯁꯤꯟ
ꯁꯦꯝꯗꯦ,ꯁꯦꯝ
ꯀꯜꯂꯕꯅꯤ,ꯀꯜ
ꯊꯦꯡꯅꯔꯕꯁꯨ,ꯊꯦꯡ
ꯖꯤꯟꯗꯒꯤ,ꯖꯤꯟ
ꯁꯥꯔꯗꯨꯅꯥ,ꯁꯥ
ꯉꯥꯡꯕꯒꯤ,ꯉꯥꯡ
ꯃꯥꯟꯅꯔꯕꯥ,ꯃꯥꯟ
ꯊꯕꯛꯁꯨ,ꯊ
ꯍꯥꯟꯅꯗꯒꯤ,ꯍꯥꯟ
ꯀꯗ,ꯀ
ꯄꯨꯟꯁꯤꯟꯕꯥ,ꯄꯨꯟ
ꯑꯅꯥꯕ,ꯅꯥ
ꯍꯥꯡꯂꯨꯔꯕꯥ,ꯍꯥꯡ
ꯑꯗꯨꯃꯛ,ꯗꯨ
ꯃꯥꯈꯒꯤꯗꯤ,ꯃꯥꯈꯥ
ꯃꯥꯡꯍꯜꯂꯦ,ꯃꯥꯡ
ꯆꯠꯊꯈꯤꯕꯥ,ꯆꯠ
ꯄꯥꯢꯖꯥꯔꯤꯕꯥ,ꯄꯥꯢ
ꯍꯥꯢꯔꯤꯕꯁꯤꯗꯤ,ꯍꯥꯢ
ꯁꯅꯥꯁꯤꯡ,ꯁꯅꯥ
ꯉꯁꯤꯗꯒꯤ,ꯉꯁꯤ
ꯀꯔꯤꯒꯤ,ꯀ
ꯆꯠꯈꯔꯕꯒꯦ,ꯆꯠ
ꯄꯥꯢꯈꯠꯄꯥꯅꯤ,ꯄꯥꯢ
ꯂꯥꯢꯁꯪꯁꯤꯡꯒꯤ,ꯂꯥꯢ
ꯊꯨꯞꯆꯤꯟꯅꯕꯥ,ꯊꯨꯞ
ꯁꯥꯠꯂꯤꯕꯤ,ꯁꯥꯠ
ꯁꯦꯕꯥ,ꯁꯦ
ꯑꯃꯨꯛ,ꯃꯨꯛ
ꯑꯗꯨꯃꯛ,ꯗꯨ
ꯀꯅꯥꯒꯤ,ꯀ
ꯍꯥꯢꯕꯥ,ꯍꯥꯢ
ꯖꯥꯇꯤꯒꯤ,ꯖꯥ
ꯑꯅꯥꯕꯁꯤꯡ,ꯅꯥ
ꯇꯜꯂꯤꯗꯥ,ꯇꯜ
ꯂꯨꯝꯕꯨ,ꯂꯨꯝ
ꯊꯔꯝꯕꯥ,ꯊ
ꯍꯦꯛꯇ,ꯍꯦꯛ
ꯊꯤꯡꯈꯤꯕꯒꯤ,ꯊꯤꯡ
ꯍꯪꯒꯠꯅꯥ,ꯍꯪ
ꯇꯥꯔꯦꯠ,ꯇꯥ
ꯃꯤꯀꯧ,ꯃꯤ
ꯃꯤꯔꯝ,ꯃꯤ
ꯐꯝꯁꯤꯡꯒꯥ,ꯐꯝ
ꯊꯦꯝꯖꯤꯟꯗꯨꯅꯥ,ꯊꯦꯝ
ꯄꯦꯟꯅ,ꯄꯦꯟ
ꯔꯦꯅꯨꯒꯤ,ꯔꯦꯅꯨ
ꯐꯥꯁꯤ,ꯐꯥ
ꯑꯗꯨꯅꯗꯤ,ꯗꯨ
ꯑꯐꯕ,ꯐ
ꯈꯥꯢꯗꯣꯛꯂꯤꯕꯥ,ꯈꯥꯢ
ꯅꯥꯠꯀꯤ,ꯅꯥꯠ
ꯑꯁꯤꯒꯥ,ꯁꯤ
ꯏꯃꯥꯅ,ꯃꯥ
ꯑꯃꯃꯨꯛ,ꯑ
ꯃꯄꯥꯅꯥ,ꯄꯥ
ꯁꯦꯕ,ꯁꯦ
ꯍꯣꯡꯕꯒꯤ,ꯍꯣꯡ
ꯁꯦꯕꯥꯁꯨ,ꯁꯦ
ꯏꯕꯅꯤ,ꯏ
ꯐꯥꯕꯥ,ꯐꯥ
ꯃꯊꯪꯗ,ꯊꯪ
ꯇꯁꯤꯟꯅꯕꯥ,ꯇ
ꯍꯣꯡꯗꯣꯛꯂꯕꯥ,ꯍꯣꯡ
ꯂꯥꯏꯗꯥ,ꯂꯥꯏ
ꯁꯥꯔꯦ,ꯁꯥ
ꯊꯕꯛꯁꯤꯡꯁꯨ,ꯊ
ꯃꯤꯅꯤꯔ,ꯃꯤ
ꯁꯅꯅꯥ,ꯁ
ꯄꯥꯡꯅꯔꯛꯂꯤꯕꯥ,ꯄꯥꯡ
ꯁꯨꯈꯤꯗꯕꯅꯤ,ꯁꯨ
ꯈꯦꯟꯅꯕꯒꯤ,ꯈꯦꯟ
ꯍꯥꯢꯖꯥꯔꯒꯦ,ꯍꯥꯢ
ꯃꯥꯕꯨ,ꯃꯥ
ꯐꯔꯅꯤ,ꯐ
ꯏꯆꯥ,ꯆꯥ
ꯄꯦꯟꯅꯥ,ꯄꯦꯟ
ꯑꯊꯨꯕꯥ,ꯊꯨ
ꯇꯝꯖꯥꯕꯗ,ꯇꯝ
ꯃꯔꯦꯡ,ꯔꯦꯡ
ꯇꯗꯅꯥ,ꯇ
ꯄꯥꯟꯕꯗꯒꯤ,ꯄꯥꯟ
ꯁꯦꯟꯅꯕꯒꯤ,ꯁꯦꯟ
ꯀꯥꯟꯅꯍꯟꯕꯥ,ꯀꯥꯟ
ꯍꯥꯢꯔꯒꯥ,ꯍꯥꯢ
ꯄꯥꯕꯗꯥ,ꯄꯥ
ꯂꯦꯡꯕꯗꯥ,ꯂꯦꯡ
ꯈꯪꯍꯟꯅꯕ,ꯈꯪ
ꯐꯖꯥꯗꯦ,ꯐ
ꯃꯤꯗꯤ,ꯃꯤ
ꯍꯥꯏꯔꯦ,ꯍꯥꯏ
ꯀꯕꯤꯅ,ꯀ
ꯊꯦꯡꯅꯕꯒꯤ,ꯊꯦꯡ
ꯈꯥꯏꯗꯣꯛꯅꯕꯥ,ꯈꯥꯏ
ꯍꯥꯢꯕꯅꯤ,ꯍꯥꯢ
ꯄꯤꯁꯤꯟꯅꯕꯒꯤ,ꯄꯤ
ꯊꯕꯤ,ꯊ
ꯍꯥꯢꯗꯦ,ꯍꯥꯢ
ꯐꯪꯂꯦ,ꯐꯪ
ꯍꯥꯏꯕꯒꯤ,ꯍꯥꯏ
ꯄꯥꯢꯈꯠꯂꯦ,ꯄꯥꯢ
ꯐꯪꯍꯟꯕꯤꯌꯨ,ꯐꯪ
ꯄꯥꯔꯦ,ꯄꯥ
ꯃꯅꯨꯡꯗꯗꯥ,ꯅꯨꯡ
ꯈꯟꯈꯤꯕꯒꯦ,ꯈꯟ
ꯇꯈꯤꯕꯗꯨ,ꯇ
ꯃꯤꯑꯣꯢꯁꯤꯡꯅꯥ,ꯃꯤ
ꯃꯈꯥꯗꯁꯨ,ꯈꯥ
ꯄꯥꯏꯗꯨꯅꯥ,ꯄꯥꯏ
ꯈꯖꯥꯢ,ꯈꯖꯥꯢ
ꯏꯔꯨꯕꯒꯤ,ꯏ
ꯀꯕꯤꯅꯥ,ꯀ
ꯍꯥꯢꯗꯨꯅꯥ,ꯍꯥꯢ
ꯃꯨꯕꯥ,ꯃꯨ
ꯆꯥꯏꯔꯤꯕꯥ,ꯆꯥꯏ
ꯀꯦꯒꯦ,ꯀꯦ
ꯂꯥꯏꯒꯥ,ꯂꯥꯏ
ꯆꯥꯏꯔꯕꯥ,ꯆꯥꯏ
ꯀꯅꯥꯕꯨ,ꯀ
ꯀꯦꯕꯤꯕ,ꯀꯦ
ꯊꯕꯗꯒꯤ,ꯊ
ꯃꯗꯨꯅꯥ,ꯃ
ꯅꯥꯄꯤꯗꯤ,ꯅꯥ
ꯆꯥꯃꯤꯟꯅꯕ,ꯆꯥ
ꯆꯥꯏꯔꯛꯈꯤꯕꯥ,ꯆꯥꯏ
ꯃꯔꯨꯞ,ꯔꯨꯞ
ꯊꯈꯤꯒꯅꯤ,ꯊ
ꯏꯅꯈꯤ,ꯏ
ꯊꯝꯈꯤ,ꯊꯝ
ꯆꯥꯔꯤ,ꯆꯥ
ꯀꯤꯗꯨꯅꯥ,ꯀꯤ
ꯁꯥꯟꯅꯈꯤ,ꯁꯥꯟ
ꯐꯪꯒꯅꯤ,ꯐꯪ
ꯑꯣꯏꯅ,ꯑꯣꯏ
ꯂꯥꯛ,ꯂꯥꯛ
ꯍꯥꯏꯕꯗꯨꯅꯤ,ꯍꯥꯏ
ꯃꯍꯧꯁꯥꯗ,ꯍꯧ
ꯅꯨꯡꯁꯤꯕꯒꯤ,ꯅꯨꯡ
ꯂꯩꯇꯦ,ꯂꯩ
ꯃꯍꯧꯁꯥꯒꯤ,ꯍꯧ
ꯒꯨꯟ,ꯒꯨꯟ,
ꯑꯁꯤꯗ,ꯁꯤ
ꯂꯩꯕꯗꯤ,ꯂꯩ
ꯑꯣꯏꯒꯅꯤ,ꯑꯣꯏ
ꯂꯣꯏꯁꯤꯜꯂꯝꯕ,ꯂꯣꯏ
ꯃꯍꯧꯁꯥꯒꯤꯁꯨ,ꯍꯧ
ꯃꯥꯡꯗ,ꯃꯥꯡ
ꯃꯗꯨꯁꯨ,ꯗꯨ
ꯇꯣꯏꯅꯥꯂꯩꯕꯅꯤ,ꯇꯣꯏ
ꯃꯤꯑꯣꯢꯕ,ꯃꯤ
ꯃꯍꯧꯁꯥꯒꯤꯗꯃꯛꯇꯗꯤ,ꯍꯧ
ꯁꯥꯟꯅꯕ,ꯁꯥꯟ
ꯅꯥꯠꯀꯤꯅꯤ,ꯅꯥꯠ
ꯂꯣꯏꯗꯦ,ꯂꯣꯏ
ꯅꯨꯡꯉꯥꯢ,ꯅꯨꯡ,
ꯊꯣꯛꯇꯦ,ꯊꯣꯛ
ꯂꯩꯕꯥꯛꯀꯤ,ꯂꯩ
ꯇꯦꯡꯕꯅꯤ,ꯇꯦꯡ
ꯑꯣꯏꯕꯒꯤ,ꯑꯣꯏ
ꯅꯨꯡꯉꯥꯢꯕ,ꯅꯨꯡ
ꯑꯗꯨꯗꯤ,ꯗꯨ
ꯁꯨꯕ,ꯁꯨ
ꯁꯪꯂꯕꯅꯤ,ꯁꯪ
ꯁꯪꯕ,ꯁꯪ
ꯑꯇꯣꯞꯄ,ꯇꯣꯞ
ꯅꯨꯡꯉꯥꯢꯕꯒꯤ,ꯅꯨꯡ
ꯄꯥꯛꯊꯣꯛꯂꯕ,ꯄꯥꯛ
ꯄꯥꯛꯊꯣꯛꯂꯨꯕꯗꯤ,ꯄꯥꯛ
ꯃꯣꯏ,ꯃꯣꯏ
ꯇꯩꯕꯗꯤ,ꯇꯩ
ꯅꯤꯡꯇꯝ,ꯅꯤꯡ
ꯑꯍꯥꯟꯕꯗꯤ,ꯍꯥꯟ
ꯑꯁꯤꯗꯤ,ꯁꯤ
ꯑꯣꯏꯕꯅ,ꯑꯣꯏ
ꯅꯨꯡꯉꯥꯢꯕꯗꯤ,ꯅꯨꯡ
ꯄꯥꯛꯊꯣꯛꯇꯦ,ꯄꯥꯛ
ꯄꯥꯡꯊꯣꯛꯄꯥ,ꯄꯥꯡ
ꯈꯣꯡꯅ,ꯈꯣꯡ
ꯇꯧꯕ,ꯇꯧ
ꯂꯩꯕꯥꯛꯅꯤ,ꯂꯩ
ꯑꯁꯨꯝꯅ,ꯁꯨꯝ
ꯊꯣꯏꯗꯣꯛꯅ,ꯊꯣꯏ
ꯇꯨꯝꯕꯗꯤ,ꯇꯨꯝ
ꯅꯥꯏꯇꯣꯝ,ꯅꯥꯏ
ꯅꯥꯏꯇꯣꯝꯕꯨ,ꯅꯥꯏ
ꯁꯣꯏꯗꯅꯕꯅꯤ,ꯁꯣꯏ
ꯑꯗꯨꯒ,ꯗꯨ
ꯏꯪ,ꯏꯪ
ꯂꯩꯔꯕ,ꯂꯩ
ꯑꯣꯏꯊꯣꯛꯇꯦ,ꯑꯣꯏ
ꯑꯗꯨꯅ,ꯗꯨ
ꯃꯁꯤꯒꯤꯗꯃꯛ,ꯁꯤ
ꯑꯣꯢꯔꯣꯢꯗꯕꯅꯤ,ꯑꯣꯢ
ꯃꯁꯛꯅꯤ,ꯁꯛ
ꯇꯨꯝꯕꯗꯨꯗꯤ,ꯇꯨꯝ
ꯄꯥꯡꯊꯣꯛꯅꯕꯅꯤ,ꯄꯥꯡ
ꯃꯣꯏꯕ,ꯃꯣꯏ
ꯃꯍꯧꯁꯥ,ꯍꯧ
ꯂꯥꯏꯗꯅꯕ,ꯂꯥꯏ
ꯑꯣꯏꯅꯕꯗꯤ,ꯑꯣꯏ
ꯇꯨꯝꯕꯗꯨ,ꯇꯨꯝ
ꯄꯥꯡꯊꯣꯛꯂꯕ,ꯄꯥꯡ
ꯃꯣꯏꯒꯤꯗꯃꯛ,ꯃꯣꯏ
ꯅꯤꯡꯇꯝꯕꯥ,ꯅꯤꯡ
ꯒꯨꯟꯗꯅ,ꯒꯨꯟ
ꯑꯣꯏꯅꯕꯒꯤ,ꯑꯣꯏ
ꯃꯣꯏꯗꯤ,ꯃꯣꯏ
ꯁꯥꯡꯂꯝꯕ,ꯁꯥꯡ
ꯄꯥꯛꯊꯣꯛꯄꯅꯤ,ꯄꯥꯛ
ꯃꯍꯧꯁꯥꯒꯤꯗꯃꯛ,ꯍꯧ
ꯇꯨꯝꯕ,ꯇꯨꯝ
ꯑꯣꯏꯕꯗꯤ,ꯑꯣꯏ
ꯃꯁꯛꯇꯨ,ꯁꯛ
ꯄꯥꯡꯊꯣꯛꯅꯕ,ꯄꯥꯡ
ꯄꯣꯛꯄꯗꯤ,ꯄꯣꯛ
ꯃꯁꯛꯇꯤ,ꯁꯛ
ꯂꯣꯏꯕꯅꯤ,ꯂꯣꯏ
ꯂꯅꯥꯢꯒꯤ,ꯂ
ꯁꯦꯝꯃꯤ,ꯁꯦꯝ
ꯁꯝꯕꯜꯗꯤ,ꯁꯝ
ꯂꯩꯍꯜꯂꯨꯕꯗꯒꯤ,ꯂꯩ
ꯈꯜꯂꯤꯔꯤꯕꯥ,ꯈꯜ
ꯍꯥꯏꯔꯤ,ꯍꯥꯏ
ꯈꯪꯗꯣꯛꯄꯥ,ꯈꯪ
ꯃꯇꯧꯁꯤꯡꯁꯤ,ꯇꯧ
ꯂꯩ,ꯂꯩ
ꯌꯦꯡꯕ,ꯌꯦꯡ
ꯍꯦꯟꯅꯥꯕꯥꯒꯤ,ꯍꯦꯟ
ꯈꯪꯒꯠꯄꯥ,ꯈꯪ
ꯀꯪꯂꯥ,ꯀꯪ
ꯄꯥꯛꯇꯥ,ꯄꯥꯛ
ꯅꯪꯕꯨ,ꯅꯪ
ꯐꯥꯅꯕꯥ,ꯐꯥ
ꯆꯩꯒꯥꯕ,ꯆꯩ
ꯁꯥꯏꯐꯝꯗꯥ,ꯁꯥꯏ
ꯄꯣꯊꯣꯛꯁꯨ,ꯄꯣ
ꯑꯁꯩꯕꯥꯗ,ꯁꯩ
ꯑꯁꯨꯕꯥ,ꯁꯨ
ꯅꯥꯞꯄꯥꯗꯅꯤ,ꯅꯥꯞ
ꯍꯥꯏꯕꯗꯤ,ꯍꯥꯏ
ꯌꯥꯡꯕ,ꯌꯥꯡ
ꯑꯃꯥꯑꯣꯢꯕꯗꯥ,ꯃꯥ
ꯅꯣꯏꯕ,ꯅꯣꯏ
ꯑꯣꯏꯁꯤꯟꯕ, ꯑꯣꯏ
ꯂꯣꯏꯕꯥ,ꯂꯣꯏ
ꯄꯥꯅꯕꯅꯤ,ꯄꯥ
ꯁꯦꯟꯅꯕꯥ,ꯁꯦꯟ
